Id Libro;Libro;Autore;Genere;Pagine;Piano Scaffale;Numero Scaffale;Stato Libro;Id Cliente;Id Dipendente
1;It;Stephen King;Fantasy;1200;1;3;In;;
2;Fabbricante Di Lacrime;Erin Doom;Fantasy;550;1;2;Out;101;2
3;L'istituto;Stephen King;Fantasy;600;1;3;In;;
4;22.11.'63;Stephen King;Fantasy;800;1;3;In;;
5;La Storia Di Lisey;Stephen King;Fantasy;400;1;3;Out;105;1
6;L'Alchimista;Paulo Coelho;Narrativa;200;1;1;In;;
7;L'Ottava Vita;Nino Haratischwili;Narrativa;1100;1;2;Out;109;1
8;Una Vita Come Tante;Hanya Yanagihara;Narrativa;1200;2;6;Out;120;3
9;Vuoi Star Zitta, Per Favore?;Raymond Carver;Narrativa;300;1;1;Out;108;2
10;4.3.2.1;Paul Auster;Narrativa;900;1;1;In;;
11;Lacci;Domenico Starnone;Narrativa;160;2;5;Out;103;3
12;Le Correzioni;Jonathan Franzen;Narrativa;450;1;2;In;;
13;Pastorale Americana;Philip Roth;Narrativa;400;2;5;In;;
14;L'Uccello Che Faceva Girare Le Viti Del Mondo;Murakami;Narrativa;700;2;4;Out;107;1
15;Kafka Sulla Spiaggia;Murakami;Narrativa;500;2;4;In;;
16;L'Assassinio Del Commendatore;Murakami;Narrativa;800;2;4;Out;115;3
17;1q84 (Libro 1 e 2);Murakami;Narrativa;650;2;4;Out;117;2
18;1q84 (Libro 3);Murakami;Narrativa;300;2;4;In;;
19;Norwegian Wood;Murakami;Narrativa;300;2;4;In;;
20;Ogni Mattina a Jenin;Susan Abulhawa;Narrativa;300;1;1;In;;
21;Cecit�;Jos� Saramago;Narrativa;250;2;6;Out;119;3
